<Anims>
 <anim name="anim" root="wyrmbane_soul" numframes="600" framerate="40">
  <frame idx="0" w="88" h="93" x="0.500481" y="0.426537">
   <element name="frame_circle" layername="frame_circle" frame="0" z_index="1" m_a="1.000000" m_b="0.000000" m_c="0.000000" m_d="1.000000" m_tx="0.500000" m_ty="-0.649000"/>
   <element name="brain" layername="brain" frame="0" z_index="2" m_a="1.000000" m_b="0.000000" m_c="0.000000" m_d="1.000000" m_tx="0.131418" m_ty="9.628440"/>
   <element name="sanity_level" layername="sanity_level" frame="0" z_index="3" m_a="1.000000" m_b="0.000000" m_c="0.000000" m_d="1.000000" m_tx="0.010000" m_ty="32.000000"/>
   <element name="bg" layername="bg" frame="0" z_index="4" m_a="1.000000" m_b="0.000000" m_c="0.000000" m_d="1.000000" m_tx="-86.549004" m_ty="-87.598999"/>
   <element name="bg2" layername="bg2" frame="0" z_index="5" m_a="1.000000" m_b="0.000000" m_c="0.000000" m_d="1.000000" m_tx="-86.749001" m_ty="-87.749001"/>
  </frame>
  <frame idx="25" w="88" h="93" x="0.500481" y="0.426537">
   <element name="frame_circle" layername="frame_circle" frame="0" z_index="1" m_a="1.000000" m_b="0.000000" m_c="0.000000" m_d="1.000000" m_tx="0.500000" m_ty="-0.649000"/>
   <element name="brain" layername="brain" frame="0" z_index="5" m_a="1.000000" m_b="0.000000" m_c="0.000000" m_d="1.000000" m_tx="0.141424" m_ty="9.618320"/>
   <element name="sanity_level" layername="sanity_level" frame="1" z_index="3" m_a="1.000000" m_b="0.000000" m_c="0.000000" m_d="1.000000" m_tx="0.010000" m_ty="32.000000"/>
   <element name="bg" layername="bg" frame="0" z_index="4" m_a="1.000000" m_b="0.000000" m_c="0.000000" m_d="1.000000" m_tx="-86.549004" m_ty="-87.598999"/>
   <element name="bg2" layername="bg2" frame="0" z_index="5" m_a="1.000000" m_b="0.000000" m_c="0.000000" m_d="1.000000" m_tx="-86.749001" m_ty="-87.749001"/>
  </frame>
  <frame idx="50" w="88" h="93" x="0.500481" y="0.426537">
   <element name="frame_circle" layername="frame_circle" frame="0" z_index="1" m_a="1.000000" m_b="0.000000" m_c="0.000000" m_d="1.000000" m_tx="0.500000" m_ty="-0.649000"/>
   <element name="brain" layername="brain" frame="0" z_index="2" m_a="1.000000" m_b="0.000000" m_c="0.000000" m_d="1.000000" m_tx="0.270160" m_ty="19.197201"/>
   <element name="sanity_level" layername="sanity_level" frame="2" z_index="3" m_a="1.000000" m_b="0.000000" m_c="0.000000" m_d="1.000000" m_tx="0.010000" m_ty="32.000000"/>
   <element name="bg" layername="bg" frame="0" z_index="4" m_a="1.000000" m_b="0.000000" m_c="0.000000" m_d="1.000000" m_tx="-86.549004" m_ty="-87.598999"/>
   <element name="bg2" layername="bg2" frame="0" z_index="5" m_a="1.000000" m_b="0.000000" m_c="0.000000" m_d="1.000000" m_tx="-86.749001" m_ty="-87.749001"/>
  </frame>
  <frame idx="75" w="88" h="93" x="0.500481" y="0.426537">
   <element name="frame_circle" layername="frame_circle" frame="0" z_index="1" m_a="1.000000" m_b="0.000000" m_c="0.000000" m_d="1.000000" m_tx="0.500000" m_ty="-0.649000"/>
   <element name="brain" layername="brain" frame="0" z_index="2" m_a="1.000000" m_b="0.000000" m_c="0.000000" m_d="1.000000" m_tx="0.270160" m_ty="19.197201"/>
   <element name="sanity_level" layername="sanity_level" frame="2" z_index="3" m_a="1.000000" m_b="0.000000" m_c="0.000000" m_d="1.000000" m_tx="0.010000" m_ty="32.000000"/>
   <element name="bg" layername="bg" frame="0" z_index="4" m_a="1.000000" m_b="0.000000" m_c="0.000000" m_d="1.000000" m_tx="-86.549004" m_ty="-87.598999"/>
   <element name="bg2" layername="bg2" frame="0" z_index="5" m_a="1.000000" m_b="0.000000" m_c="0.000000" m_d="1.000000" m_tx="-86.749001" m_ty="-87.749001"/>
  </frame>
  <frame idx="100" w="88" h="93" x="0.500481" y="0.426537">
   <element name="frame_circle" layername="frame_circle" frame="0" z_index="1" m_a="1.000000" m_b="0.000000" m_c="0.000000" m_d="1.000000" m_tx="0.500000" m_ty="-0.649000"/>
   <element name="brain" layername="brain" frame="0" z_index="2" m_a="1.000000" m_b="0.000000" m_c="0.000000" m_d="1.000000" m_tx="0.270160" m_ty="19.197201"/>
   <element name="sanity_level" layername="sanity_level" frame="4" z_index="3" m_a="1.000000" m_b="0.000000" m_c="0.000000" m_d="1.000000" m_tx="0.010000" m_ty="32.000000"/>
   <element name="bg" layername="bg" frame="0" z_index="4" m_a="1.000000" m_b="0.000000" m_c="0.000000" m_d="1.000000" m_tx="-86.549004" m_ty="-87.598999"/>
   <element name="bg2" layername="bg2" frame="0" z_index="5" m_a="1.000000" m_b="0.000000" m_c="0.000000" m_d="1.000000" m_tx="-86.749001" m_ty="-87.749001"/>
  </frame>
  <frame idx="125" w="88" h="93" x="0.500481" y="0.426537">
   <element name="frame_circle" layername="frame_circle" frame="0" z_index="1" m_a="1.000000" m_b="0.000000" m_c="0.000000" m_d="1.000000" m_tx="0.500000" m_ty="-0.649000"/>
   <element name="brain" layername="brain" frame="0" z_index="2" m_a="1.000000" m_b="0.000000" m_c="0.000000" m_d="1.000000" m_tx="0.270160" m_ty="19.197201"/>
   <element name="sanity_level" layername="sanity_level" frame="5" z_index="3" m_a="1.000000" m_b="0.000000" m_c="0.000000" m_d="1.000000" m_tx="0.010000" m_ty="32.000000"/>
   <element name="bg" layername="bg" frame="0" z_index="4" m_a="1.000000" m_b="0.000000" m_c="0.000000" m_d="1.000000" m_tx="-86.549004" m_ty="-87.598999"/>
   <element name="bg2" layername="bg2" frame="0" z_index="5" m_a="1.000000" m_b="0.000000" m_c="0.000000" m_d="1.000000" m_tx="-86.749001" m_ty="-87.749001"/>
  </frame>
  <frame idx="150" w="88" h="93" x="0.500481" y="0.426537">
   <element name="frame_circle" layername="frame_circle" frame="0" z_index="1" m_a="1.000000" m_b="0.000000" m_c="0.000000" m_d="1.000000" m_tx="0.500000" m_ty="-0.649000"/>
   <element name="brain" layername="brain" frame="1" z_index="2" m_a="1.000000" m_b="0.000000" m_c="0.000000" m_d="1.000000" m_tx="-0.763040" m_ty="18.264368"/>
   <element name="sanity_level" layername="sanity_level" frame="6" z_index="3" m_a="1.000000" m_b="0.000000" m_c="0.000000" m_d="1.000000" m_tx="0.010000" m_ty="32.000000"/>
   <element name="bg" layername="bg" frame="0" z_index="4" m_a="1.000000" m_b="0.000000" m_c="0.000000" m_d="1.000000" m_tx="-86.549004" m_ty="-87.598999"/>
   <element name="bg2" layername="bg2" frame="0" z_index="5" m_a="1.000000" m_b="0.000000" m_c="0.000000" m_d="1.000000" m_tx="-86.749001" m_ty="-87.749001"/>
  </frame>
  <frame idx="175" w="88" h="93" x="0.500481" y="0.426537">
   <element name="frame_circle" layername="frame_circle" frame="0" z_index="1" m_a="1.000000" m_b="0.000000" m_c="0.000000" m_d="1.000000" m_tx="0.500000" m_ty="-0.649000"/>
   <element name="brain" layername="brain" frame="1" z_index="2" m_a="1.000000" m_b="0.000000" m_c="0.000000" m_d="1.000000" m_tx="-0.763040" m_ty="18.264368"/>
   <element name="sanity_level" layername="sanity_level" frame="7" z_index="3" m_a="1.000000" m_b="0.000000" m_c="0.000000" m_d="1.000000" m_tx="0.010000" m_ty="32.000000"/>
   <element name="bg" layername="bg" frame="0" z_index="4" m_a="1.000000" m_b="0.000000" m_c="0.000000" m_d="1.000000" m_tx="-86.549004" m_ty="-87.598999"/>
   <element name="bg2" layername="bg2" frame="0" z_index="5" m_a="1.000000" m_b="0.000000" m_c="0.000000" m_d="1.000000" m_tx="-86.749001" m_ty="-87.749001"/>
  </frame>
  <frame idx="200" w="88" h="93" x="0.500481" y="0.426537">
   <element name="frame_circle" layername="frame_circle" frame="0" z_index="1" m_a="1.000000" m_b="0.000000" m_c="0.000000" m_d="1.000000" m_tx="0.500000" m_ty="-0.649000"/>
   <element name="brain" layername="brain" frame="1" z_index="2" m_a="1.000000" m_b="0.000000" m_c="0.000000" m_d="1.000000" m_tx="-0.763040" m_ty="18.264368"/>
   <element name="sanity_level" layername="sanity_level" frame="8" z_index="3" m_a="1.000000" m_b="0.000000" m_c="0.000000" m_d="1.000000" m_tx="0.010000" m_ty="32.000000"/>
   <element name="bg" layername="bg" frame="0" z_index="4" m_a="1.000000" m_b="0.000000" m_c="0.000000" m_d="1.000000" m_tx="-86.549004" m_ty="-87.598999"/>
   <element name="bg2" layername="bg2" frame="0" z_index="5" m_a="1.000000" m_b="0.000000" m_c="0.000000" m_d="1.000000" m_tx="-86.749001" m_ty="-87.749001"/>
  </frame>
  <frame idx="225" w="88" h="93" x="0.500481" y="0.426537">
   <element name="frame_circle" layername="frame_circle" frame="0" z_index="1" m_a="1.000000" m_b="0.000000" m_c="0.000000" m_d="1.000000" m_tx="0.500000" m_ty="-0.649000"/>
   <element name="brain" layername="brain" frame="1" z_index="2" m_a="1.000000" m_b="0.000000" m_c="0.000000" m_d="1.000000" m_tx="-0.763040" m_ty="18.264368"/>
   <element name="sanity_level" layername="sanity_level" frame="9" z_index="3" m_a="1.000000" m_b="0.000000" m_c="0.000000" m_d="1.000000" m_tx="0.010000" m_ty="32.000000"/>
   <element name="bg" layername="bg" frame="0" z_index="4" m_a="1.000000" m_b="0.000000" m_c="0.000000" m_d="1.000000" m_tx="-86.549004" m_ty="-87.598999"/>
   <element name="bg2" layername="bg2" frame="0" z_index="5" m_a="1.000000" m_b="0.000000" m_c="0.000000" m_d="1.000000" m_tx="-86.749001" m_ty="-87.749001"/>
  </frame>
  <frame idx="250" w="88" h="93" x="0.500481" y="0.426537">
   <element name="frame_circle" layername="frame_circle" frame="0" z_index="1" m_a="1.000000" m_b="0.000000" m_c="0.000000" m_d="1.000000" m_tx="0.500000" m_ty="-0.649000"/>
   <element name="brain" layername="brain" frame="1" z_index="2" m_a="1.000000" m_b="0.000000" m_c="0.000000" m_d="1.000000" m_tx="-0.763040" m_ty="18.264368"/>
   <element name="sanity_level" layername="sanity_level" frame="10" z_index="3" m_a="1.000000" m_b="0.000000" m_c="0.000000" m_d="1.000000" m_tx="0.010000" m_ty="32.000000"/>
   <element name="bg" layername="bg" frame="0" z_index="4" m_a="1.000000" m_b="0.000000" m_c="0.000000" m_d="1.000000" m_tx="-86.549004" m_ty="-87.598999"/>
   <element name="bg2" layername="bg2" frame="0" z_index="5" m_a="1.000000" m_b="0.000000" m_c="0.000000" m_d="1.000000" m_tx="-86.749001" m_ty="-87.749001"/>
  </frame>
  <frame idx="275" w="88" h="93" x="0.500481" y="0.426537">
   <element name="frame_circle" layername="frame_circle" frame="0" z_index="1" m_a="1.000000" m_b="0.000000" m_c="0.000000" m_d="1.000000" m_tx="0.500000" m_ty="-0.649000"/>
   <element name="brain" layername="brain" frame="1" z_index="2" m_a="1.000000" m_b="0.000000" m_c="0.000000" m_d="1.000000" m_tx="-0.763040" m_ty="18.264368"/>
   <element name="sanity_level" layername="sanity_level" frame="11" z_index="3" m_a="1.000000" m_b="0.000000" m_c="0.000000" m_d="1.000000" m_tx="0.010000" m_ty="32.000000"/>
   <element name="bg" layername="bg" frame="0" z_index="4" m_a="1.000000" m_b="0.000000" m_c="0.000000" m_d="1.000000" m_tx="-86.549004" m_ty="-87.598999"/>
   <element name="bg2" layername="bg2" frame="0" z_index="5" m_a="1.000000" m_b="0.000000" m_c="0.000000" m_d="1.000000" m_tx="-86.749001" m_ty="-87.749001"/>
  </frame>
  <frame idx="300" w="88" h="93" x="0.500481" y="0.426537">
   <element name="frame_circle" layername="frame_circle" frame="0" z_index="1" m_a="1.000000" m_b="0.000000" m_c="0.000000" m_d="1.000000" m_tx="0.500000" m_ty="-0.649000"/>
   <element name="brain" layername="brain" frame="1" z_index="2" m_a="1.000000" m_b="0.000000" m_c="0.000000" m_d="1.000000" m_tx="-0.763040" m_ty="18.264368"/>
   <element name="sanity_level" layername="sanity_level" frame="12" z_index="3" m_a="1.000000" m_b="0.000000" m_c="0.000000" m_d="1.000000" m_tx="0.010000" m_ty="32.000000"/>
   <element name="bg" layername="bg" frame="0" z_index="4" m_a="1.000000" m_b="0.000000" m_c="0.000000" m_d="1.000000" m_tx="-86.549004" m_ty="-87.598999"/>
   <element name="bg2" layername="bg2" frame="0" z_index="5" m_a="1.000000" m_b="0.000000" m_c="0.000000" m_d="1.000000" m_tx="-86.749001" m_ty="-87.749001"/>
  </frame>
  <frame idx="325" w="88" h="93" x="0.500481" y="0.426537">
   <element name="frame_circle" layername="frame_circle" frame="0" z_index="1" m_a="1.000000" m_b="0.000000" m_c="0.000000" m_d="1.000000" m_tx="0.500000" m_ty="-0.649000"/>
   <element name="brain" layername="brain" frame="2" z_index="2" m_a="1.000000" m_b="0.000000" m_c="0.000000" m_d="1.000000" m_tx="-0.267969" m_ty="17.664383"/>
   <element name="sanity_level" layername="sanity_level" frame="13" z_index="3" m_a="1.000000" m_b="0.000000" m_c="0.000000" m_d="1.000000" m_tx="0.010000" m_ty="32.000000"/>
   <element name="bg" layername="bg" frame="0" z_index="4" m_a="1.000000" m_b="0.000000" m_c="0.000000" m_d="1.000000" m_tx="-86.549004" m_ty="-87.598999"/>
   <element name="bg2" layername="bg2" frame="0" z_index="5" m_a="1.000000" m_b="0.000000" m_c="0.000000" m_d="1.000000" m_tx="-86.749001" m_ty="-87.749001"/>
  </frame>
  <frame idx="350" w="88" h="93" x="0.500481" y="0.426537">
   <element name="frame_circle" layername="frame_circle" frame="0" z_index="1" m_a="1.000000" m_b="0.000000" m_c="0.000000" m_d="1.000000" m_tx="0.500000" m_ty="-0.649000"/>
   <element name="brain" layername="brain" frame="2" z_index="2" m_a="1.000000" m_b="0.000000" m_c="0.000000" m_d="1.000000" m_tx="-0.267969" m_ty="17.664383"/>
   <element name="sanity_level" layername="sanity_level" frame="13" z_index="3" m_a="1.000000" m_b="0.000000" m_c="0.000000" m_d="1.000000" m_tx="0.015712" m_ty="32.000000"/>
   <element name="bg" layername="bg" frame="0" z_index="4" m_a="1.000000" m_b="0.000000" m_c="0.000000" m_d="1.000000" m_tx="-86.549004" m_ty="-87.598999"/>
   <element name="bg2" layername="bg2" frame="0" z_index="5" m_a="1.000000" m_b="0.000000" m_c="0.000000" m_d="1.000000" m_tx="-86.749001" m_ty="-87.749001"/>
  </frame>
  <frame idx="375" w="88" h="93" x="0.500481" y="0.426537">
   <element name="frame_circle" layername="frame_circle" frame="0" z_index="1" m_a="1.000000" m_b="0.000000" m_c="0.000000" m_d="1.000000" m_tx="0.500000" m_ty="-0.649000"/>
   <element name="brain" layername="brain" frame="2" z_index="2" m_a="1.000000" m_b="0.000000" m_c="0.000000" m_d="1.000000" m_tx="-0.267969" m_ty="17.664383"/>
   <element name="sanity_level" layername="sanity_level" frame="14" z_index="3" m_a="1.000000" m_b="0.000000" m_c="0.000000" m_d="1.000000" m_tx="0.015760" m_ty="32.000000"/>
   <element name="bg" layername="bg" frame="0" z_index="4" m_a="1.000000" m_b="0.000000" m_c="0.000000" m_d="1.000000" m_tx="-86.549004" m_ty="-87.598999"/>
   <element name="bg2" layername="bg2" frame="0" z_index="5" m_a="1.000000" m_b="0.000000" m_c="0.000000" m_d="1.000000" m_tx="-86.749001" m_ty="-87.749001"/>
  </frame>
  <frame idx="400" w="88" h="93" x="0.500481" y="0.426537">
   <element name="frame_circle" layername="frame_circle" frame="0" z_index="1" m_a="1.000000" m_b="0.000000" m_c="0.000000" m_d="1.000000" m_tx="0.500000" m_ty="-0.649000"/>
   <element name="brain" layername="brain" frame="2" z_index="2" m_a="1.000000" m_b="0.000000" m_c="0.000000" m_d="1.000000" m_tx="-0.267969" m_ty="17.664383"/>
   <element name="sanity_level" layername="sanity_level" frame="15" z_index="3" m_a="1.000000" m_b="0.000000" m_c="0.000000" m_d="1.000000" m_tx="0.021775" m_ty="32.000000"/>
   <element name="bg" layername="bg" frame="0" z_index="4" m_a="1.000000" m_b="0.000000" m_c="0.000000" m_d="1.000000" m_tx="-86.549004" m_ty="-87.598999"/>
   <element name="bg2" layername="bg2" frame="0" z_index="5" m_a="1.000000" m_b="0.000000" m_c="0.000000" m_d="1.000000" m_tx="-86.749001" m_ty="-87.749001"/>
  </frame>
  <frame idx="425" w="88" h="93" x="0.500481" y="0.426537">
   <element name="frame_circle" layername="frame_circle" frame="0" z_index="1" m_a="1.000000" m_b="0.000000" m_c="0.000000" m_d="1.000000" m_tx="0.500000" m_ty="-0.649000"/>
   <element name="brain" layername="brain" frame="2" z_index="2" m_a="1.000000" m_b="0.000000" m_c="0.000000" m_d="1.000000" m_tx="-0.267969" m_ty="17.664383"/>
   <element name="sanity_level" layername="sanity_level" frame="16" z_index="3" m_a="1.000000" m_b="0.000000" m_c="0.000000" m_d="1.000000" m_tx="0.069675" m_ty="32.000000"/>
   <element name="bg" layername="bg" frame="0" z_index="4" m_a="1.000000" m_b="0.000000" m_c="0.000000" m_d="1.000000" m_tx="-86.549004" m_ty="-87.598999"/>
   <element name="bg2" layername="bg2" frame="0" z_index="5" m_a="1.000000" m_b="0.000000" m_c="0.000000" m_d="1.000000" m_tx="-86.749001" m_ty="-87.749001"/>
  </frame>
  <frame idx="450" w="88" h="93" x="0.500481" y="0.426537">
   <element name="frame_circle" layername="frame_circle" frame="0" z_index="1" m_a="1.000000" m_b="0.000000" m_c="0.000000" m_d="1.000000" m_tx="0.500000" m_ty="-0.649000"/>
   <element name="brain" layername="brain" frame="2" z_index="2" m_a="1.000000" m_b="0.000000" m_c="0.000000" m_d="1.000000" m_tx="-0.267969" m_ty="17.664383"/>
   <element name="sanity_level" layername="sanity_level" frame="17" z_index="3" m_a="1.000000" m_b="0.000000" m_c="0.000000" m_d="1.000000" m_tx="0.029837" m_ty="32.000000"/>
   <element name="bg" layername="bg" frame="0" z_index="4" m_a="1.000000" m_b="0.000000" m_c="0.000000" m_d="1.000000" m_tx="-86.549004" m_ty="-87.598999"/>
   <element name="bg2" layername="bg2" frame="0" z_index="5" m_a="1.000000" m_b="0.000000" m_c="0.000000" m_d="1.000000" m_tx="-86.749001" m_ty="-87.749001"/>
  </frame>
  <frame idx="475" w="88" h="93" x="0.500481" y="0.426537">
   <element name="frame_circle" layername="frame_circle" frame="0" z_index="1" m_a="1.000000" m_b="0.000000" m_c="0.000000" m_d="1.000000" m_tx="0.500000" m_ty="-0.649000"/>
   <element name="brain" layername="brain" frame="2" z_index="2" m_a="1.000000" m_b="0.000000" m_c="0.000000" m_d="1.000000" m_tx="-0.990356" m_ty="4.464431"/>
   <element name="sanity_level" layername="sanity_level" frame="18" z_index="3" m_a="1.000000" m_b="0.000000" m_c="0.000000" m_d="1.000000" m_tx="0.083793" m_ty="32.000000"/>
   <element name="bg" layername="bg" frame="0" z_index="4" m_a="1.000000" m_b="0.000000" m_c="0.000000" m_d="1.000000" m_tx="-86.549004" m_ty="-87.598999"/>
   <element name="bg2" layername="bg2" frame="0" z_index="5" m_a="1.000000" m_b="0.000000" m_c="0.000000" m_d="1.000000" m_tx="-86.749001" m_ty="-87.749001"/>
  </frame>
  <frame idx="500" w="88" h="93" x="0.500481" y="0.426537">
   <element name="frame_circle" layername="frame_circle" frame="0" z_index="1" m_a="1.000000" m_b="0.000000" m_c="0.000000" m_d="1.000000" m_tx="0.500000" m_ty="-0.649000"/>
   <element name="brain" layername="brain" frame="3" z_index="2" m_a="1.000000" m_b="0.000000" m_c="0.000000" m_d="1.000000" m_tx="-0.977544" m_ty="4.707393"/>
   <element name="sanity_level" layername="sanity_level" frame="19" z_index="3" m_a="1.000000" m_b="0.000000" m_c="0.000000" m_d="1.000000" m_tx="0.049518" m_ty="32.000000"/>
   <element name="bg" layername="bg" frame="0" z_index="4" m_a="1.000000" m_b="0.000000" m_c="0.000000" m_d="1.000000" m_tx="-86.549004" m_ty="-87.598999"/>
   <element name="bg2" layername="bg2" frame="0" z_index="5" m_a="1.000000" m_b="0.000000" m_c="0.000000" m_d="1.000000" m_tx="-86.749001" m_ty="-87.749001"/>
  </frame>
  <frame idx="525" w="88" h="93" x="0.500481" y="0.426537">
   <element name="frame_circle" layername="frame_circle" frame="0" z_index="1" m_a="1.000000" m_b="0.000000" m_c="0.000000" m_d="1.000000" m_tx="0.500000" m_ty="-0.649000"/>
   <element name="brain" layername="brain" frame="3" z_index="2" m_a="1.000000" m_b="0.000000" m_c="0.000000" m_d="1.000000" m_tx="-0.977544" m_ty="4.707393"/>
   <element name="sanity_level" layername="sanity_level" frame="20" z_index="3" m_a="1.000000" m_b="0.000000" m_c="0.000000" m_d="1.000000" m_tx="0.052441" m_ty="32.000000"/>
   <element name="bg" layername="bg" frame="0" z_index="4" m_a="1.000000" m_b="0.000000" m_c="0.000000" m_d="1.000000" m_tx="-86.549004" m_ty="-87.598999"/>
   <element name="bg2" layername="bg2" frame="0" z_index="5" m_a="1.000000" m_b="0.000000" m_c="0.000000" m_d="1.000000" m_tx="-86.749001" m_ty="-87.749001"/>
  </frame>
  <frame idx="550" w="88" h="93" x="0.500481" y="0.426537">
   <element name="frame_circle" layername="frame_circle" frame="0" z_index="1" m_a="1.000000" m_b="0.000000" m_c="0.000000" m_d="1.000000" m_tx="0.500000" m_ty="-0.649000"/>
   <element name="brain" layername="brain" frame="3" z_index="2" m_a="1.000000" m_b="0.000000" m_c="0.000000" m_d="1.000000" m_tx="-0.977544" m_ty="4.707393"/>
   <element name="sanity_level" layername="sanity_level" frame="21" z_index="3" m_a="1.000000" m_b="0.000000" m_c="0.000000" m_d="1.000000" m_tx="0.050718" m_ty="32.000000"/>
   <element name="bg" layername="bg" frame="0" z_index="4" m_a="1.000000" m_b="0.000000" m_c="0.000000" m_d="1.000000" m_tx="-86.549004" m_ty="-87.598999"/>
   <element name="bg2" layername="bg2" frame="0" z_index="5" m_a="1.000000" m_b="0.000000" m_c="0.000000" m_d="1.000000" m_tx="-86.749001" m_ty="-87.749001"/>
  </frame>
  <frame idx="575" w="88" h="93" x="0.500481" y="0.426537">
   <element name="frame_circle" layername="frame_circle" frame="0" z_index="1" m_a="1.000000" m_b="0.000000" m_c="0.000000" m_d="1.000000" m_tx="0.500000" m_ty="-0.649000"/>
   <element name="brain" layername="brain" frame="3" z_index="2" m_a="1.000000" m_b="0.000000" m_c="0.000000" m_d="1.000000" m_tx="-0.977544" m_ty="4.707393"/>
   <element name="sanity_level" layername="sanity_level" frame="21" z_index="3" m_a="1.000000" m_b="0.000000" m_c="0.000000" m_d="1.000000" m_tx="0.050718" m_ty="32.000000"/>
   <element name="bg" layername="bg" frame="0" z_index="4" m_a="1.000000" m_b="0.000000" m_c="0.000000" m_d="1.000000" m_tx="-86.549004" m_ty="-87.598999"/>
   <element name="bg2" layername="bg2" frame="0" z_index="5" m_a="1.000000" m_b="0.000000" m_c="0.000000" m_d="1.000000" m_tx="-86.749001" m_ty="-87.749001"/>
  </frame>
 </anim>
</Anims>
